,Symbol,Date,Name
11458,YSBPW,2023-04-14,
7578,OILU,2023-04-14,MICRO OG EXP PROD 3X LEVG
360,AJG,2023-04-14,ARTHUR J GALLAGHER & CO
2048,CITEW,2023-04-14,
8947,RTX,2023-04-14,RAYTHEON TECHNOLOGIES CORP
801,ATEC,2023-04-14,ALPHATEC HOLDINGS INC
6223,LGVN,2023-04-14,LONGEVERON INC
8325,PSFD,2023-04-14,PACER SWAN SOS FLEX JANUARY
7940,PET,2023-04-14,WAG! GROUP CO
2572,DALT,2023-04-14,ANFIELD CAP DIVERSIFIED ALT
430,ALSAU,2023-04-14,ALPHA STAR ACQUISITION CORP
3811,FISK,2023-04-14,EMPIRE STATE REALTY OP -S250
3165,EGIO,2023-04-14,EDGIO INC
7324,NSPY,2023-04-14,NIGHTSHARES 500 ETF
10368,TSM,2023-04-14,TAIWAN SEMICONDUCTOR-SP ADR
6617,MF,2023-04-14,MISSFRESH LTD-ADR
8003,PGRE,2023-04-14,PARAMOUNT GROUP INC
4264,GCBC,2023-04-14,GREENE COUNTY BANCORP INC
11193,WPP,2023-04-14,WPP PLC-SPONSORED ADR
8772,RIGS,2023-04-14,RIVERFRONT STRATEGIC INCOME
9763,SSU,2023-04-14,SIGNA SPORTS UNITED NV
4570,GPRE,2023-04-14,GREEN PLAINS INC
995,BAC-Q,2023-04-14,
1269,BJRI,2023-04-14,BJ'S RESTAURANTS INC
8460,PZA,2023-04-14,INVESCO NATIONAL AMT-FREE MU
10702,VALU,2023-04-14,VALUE LINE INC
2498,CVMC,2023-04-14,CALVERT US MCAP CORE RESP
1202,BHFAN,2023-04-14,
7872,PCGU,2023-04-14,
3864,FLHK,2023-04-14,FRANKLIN FTSE HONG KONG ETF
3580,EZJ,2023-04-14,PROSHARES ULTRA MSCI JAPAN
269,AGM,2023-04-14,FEDERAL AGRIC MTG CORP-CL C
2606,DBJA,2023-04-14,INNOVATOR DBL STACK 9 BUFF-J
11333,XLP,2023-04-14,CONSUMER STAPLES SPDR
1984,CHKP,2023-04-14,CHECK POINT SOFTWARE TECH
8982,RWODU,2023-04-14,REDWOODS ACQUISITION CORP
2703,DFLIW,2023-04-14,
1971,CHIH,2023-04-14,GLOBAL X MSCI CHINA HEALTH
1348,BLU,2023-04-14,BELLUS HEALTH INC
6173,LEGR,2023-04-14,FIRST TRUST INDXX INNOVATIVE
5862,JXN,2023-04-14,JACKSON FINANCIAL INC-A
5499,IQ,2023-04-14,IQIYI INC-ADR
1107,BDC,2023-04-14,BELDEN INC
5880,KALWW,2023-04-14,
10994,VUG,2023-04-14,VANGUARD GROWTH ETF
1824,CCV=,2023-04-14,CHURCHILL CAPITAL CORP V
10813,VIEWW,2023-04-14,
2356,CRIS,2023-04-14,CURIS INC
4668,GT,2023-04-14,GOODYEAR TIRE & RUBBER CO
6149,LCR,2023-04-14,LEUTHOLD CORE ETF
8594,RAMP,2023-04-14,LIVERAMP HOLDINGS INC
4316,GECCO,2023-04-14,
5575,ITB,2023-04-14,ISHARES U.S. HOME CONSTRUCTI
5517,IRAA,2023-04-14,IRIS ACQUISITION CORP
4164,FVRR,2023-04-14,FIVERR INTERNATIONAL LTD
4665,GSUN,2023-04-14,GOLDEN SUN EDUCATION GROUP-A
8475,QCRH,2023-04-14,QCR HOLDINGS INC
5105,HYXU,2023-04-14,ISHARES INTERNATIONAL HIGH Y
10082,TFC-I,2023-04-14,
1302,BKT,2023-04-14,BLACKROCK INCOME TRUST
8353,PSP,2023-04-14,INVESCO GLOBAL LISTED PRIVAT
772,ASR,2023-04-14,GRUPO AEROPORTUARIO SUR-ADR
4272,GCOW,2023-04-14,PACER GLOBAL CASH COWS DIVID
10127,THCPU,2023-04-14,THUNDER BRIDGE CAPITAL PARTN
9683,SPXE,2023-04-14,PROSHARES S&P 500 EX-ENERGY
2416,CSTR,2023-04-14,CAPSTAR FINANCIAL HOLDINGS I
5078,HYFM,2023-04-14,HYDROFARM HOLDINGS GROUP INC
1354,BLW,2023-04-14,BLACKROCK LTD DURATION INC
9140,SCHW,2023-04-14,SCHWAB (CHARLES) CORP
3656,FCNCP,2023-04-14,
9224,SELF,2023-04-14,GLOBAL SELF STORAGE INC
283,AGNG,2023-04-14,GLB X AGING POPULATION ETF
5229,IDRV,2023-04-14,ISHARES SELF-DRIVING EV&TECH
6788,MNTN,2023-04-14,EVEREST CONSOLIDATOR ACQUISI
5173,IBTF,2023-04-14,ISHARES IBONDS DEC 2025 TERM
1879,CENN,2023-04-14,CENNTRO ELECTRIC GROUP LTD
1169,BFST,2023-04-14,BUSINESS FIRST BANCSHARES
8831,RMPL-,2023-04-14,
9750,SSNC,2023-04-14,SS&C TECHNOLOGIES HOLDINGS
3521,EW,2023-04-14,EDWARDS LIFESCIENCES CORP
1885,CEQP-,2023-04-14,
8175,POCT,2023-04-14,INNOVATOR U.S. EQUITY POWER
5017,HTHT,2023-04-14,H WORLD GROUP LTD-ADR
2372,CRSR,2023-04-14,CORSAIR GAMING INC
1770,CBNK,2023-04-14,CAPITAL BANCORP INC/MD
3425,ESQ,2023-04-14,ESQUIRE FINANCIAL HOLDINGS I
10938,VRMEW,2023-04-14,
11397,XTEN,2023-04-14,BONDBLOXX BBG 10Y US TSY ETF
8807,RLGT,2023-04-14,RADIANT LOGISTICS INC
8635,RCG,2023-04-14,RENN FUND INC
2424,CTAS,2023-04-14,CINTAS CORP
1941,CGNX,2023-04-14,COGNEX CORP
3129,EFAS,2023-04-14,GLOBAL X MSCI SUPERDIVIDEND
8455,PYPT,2023-04-14,AXS 1.5X PYPL BULL DAILY
10392,TTSH,2023-04-14,TILE SHOP HLDGS INC
5174,IBTG,2023-04-14,ISHARES IBONDS DEC 2026 TERM
1456,BPAY,2023-04-14,BR FUTURE FIN AND TECH ETF
979,AZYO,2023-04-14,AZIYO BIOLOGICS INC-CLASS A
7126,NETL,2023-04-14,NETLEASE CORPORATE REAL ESTA
8824,RMGC,2023-04-14,RMG ACQUISITION CORP III -A
9172,SCX,2023-04-14,STARRETT (L.S.) CO -CL A
5810,JPS,2023-04-14,NUVEEN PREFERRED & INCOME SE
6144,LCI,2023-04-14,LANNETT CO INC
1230,BIL,2023-04-14,SPDR BLOOMBERG 1-3 MONTH T-B
10642,USSG,2023-04-14,XTRACKERS MSCI USA ESG LDRS
8304,PSA-S,2023-04-14,
7245,NNY,2023-04-14,NUVEEN NEW YORK MUNICIPAL VA
9297,SHAP,2023-04-14,SPREE ACQUISITION CORP 1 LTD
7693,OSA,2023-04-14,PROSOMNUS INC
1868,CELC,2023-04-14,CELCUITY INC
555,ANZUW,2023-04-14,
7462,NXP,2023-04-14,NUVEEN SEL TX-FR INC PORT
2688,DFEB,2023-04-14,FT CBOE VEST US EQY DEEP BUF
2246,COKE,2023-04-14,COCA-COLA CONSOLIDATED INC
8879,ROK,2023-04-14,ROCKWELL AUTOMATION INC
6056,KT,2023-04-14,KT CORP-SP ADR
3072,ECH,2023-04-14,ISHARES MSCI CHILE ETF
3793,FICVW,2023-04-14,
8557,QTOC,2023-04-14,INNOVATOR GROWTH ACCEL PL-OC
6625,MFG,2023-04-14,MIZUHO FINANCIAL GROUP-ADR
9134,SCHN,2023-04-14,SCHNITZER STEEL INDS INC-A
10403,TUSK,2023-04-14,MAMMOTH ENERGY SERVICES INC
6498,MBNE,2023-04-14,SPDR NUVEEN MUNI BOND ESG
6688,MINM,2023-04-14,MINIM INC
10782,VFVA,2023-04-14,VANGUARD U.S. VALUE FACTOR
6678,MIGI,2023-04-14,MAWSON INFRASTRUCTURE GROUP
10527,UJUN,2023-04-14,INNOVATOR U.S. EQUITY ULTRA
2949,DTOCU,2023-04-14,DIGITAL TRANSFORMATION OPPOR
5404,INFL,2023-04-14,HORIZON KINETICS INFL BENEF
516,AMTB,2023-04-14,AMERANT BANCORP INC
10350,TS,2023-04-14,TENARIS SA-ADR
8225,PRDS,2023-04-14,PARDES BIOSCIENCES INC
2989,DWACW,2023-04-14,
8124,PLUS,2023-04-14,EPLUS INC
10574,UPLD,2023-04-14,UPLAND SOFTWARE INC
10323,TROW,2023-04-14,T ROWE PRICE GROUP INC
1480,BRD=,2023-04-14,BEARD ENERGY TRANSITION ACQU
7658,OPOF,2023-04-14,OLD POINT FINANCIAL CORP
304,AHI,2023-04-14,ADVANCED HUMAN IMAGING LTD
8667,RDY,2023-04-14,DR. REDDY'S LABORATORIES-ADR
11238,WTS,2023-04-14,WATTS WATER TECHNOLOGIES-A
10995,VUSB,2023-04-14,VANGUARD ULTRA SHORT BOND ET
7429,NVST,2023-04-14,ENVISTA HOLDINGS CORP
3131,EFAX,2023-04-14,SPDR MSCI EAFA FOSSIL FUEL
649,ARAV,2023-04-14,ARAVIVE INC
356,AIVL,2023-04-14,WISDOMTREE US AI ENHANCED VA
5715,JEF,2023-04-14,JEFFERIES FINANCIAL GROUP IN
2826,DMAR,2023-04-14,FT CBOE VST US EQY DP BUF-MR
3643,FCAL,2023-04-14,FIRST TRUST CALIFORNIA MUNIC
2682,DFAS,2023-04-14,DIMENSIONAL US SMALL CAP ETF
5618,IVOV,2023-04-14,VANGUARD S&P MID-CAP 400 VAL
10085,TFFP,2023-04-14,TFF PHARMACEUTICALS INC
5662,IXUS,2023-04-14,ISHARES CORE INTL STOCK ETF
911,AVLV,2023-04-14,AVANTIS US LARGE CAP VALUE
2000,CHSCN,2023-04-14,
8104,PLMI,2023-04-14,PLUM ACQUISITION CORP I-A
3234,EMDM,2023-04-14,FIRST TRUST BBG EMER MKT DEM
10841,VIXM,2023-04-14,PROSHARES VIX MID-TERM FUT
451,ALYA,2023-04-14,ALITHYA GROUP INC-CLASS A
9178,SDACW,2023-04-14,
3265,EMXC,2023-04-14,ISHARES MSCI EMR MRK EX CHNA
8230,PRF,2023-04-14,INVESCO FTSE RAFI US 1000 ET
1454,BPACU,2023-04-14,BULLPEN PARLAY ACQUISITION C
11344,XMMO,2023-04-14,INVESCO S&P MIDCAP MOMENTUM
9416,SLAB,2023-04-14,SILICON LABORATORIES INC
8389,PTNQ,2023-04-14,PACER TRENDPILOT 100 ETF
4464,GLST,2023-04-14,GLOBAL STAR ACQUISITION-CL A
5933,KEY-L,2023-04-14,
8966,RVSB,2023-04-14,RIVERVIEW BANCORP INC
8526,QQJG,2023-04-14,INVESCO ESG NASDAQ NEXT GEN
8354,PSPC,2023-04-14,POST HOLDINGS PARTNERING -A
7546,ODP,2023-04-14,ODP CORP/THE
6453,MAQCU,2023-04-14,MAQUIA CAPITAL ACQUISITION
6177,LEN.B,2023-04-14,LENNAR CORP - B SHS
2625,DCFC,2023-04-14,TRITIUM DCFC LTD
8842,RNGR,2023-04-14,RANGER ENERGY SERVICES INC
9303,SHCR,2023-04-14,SHARECARE INC
6148,LCNB,2023-04-14,LCNB CORPORATION
6477,MAXN,2023-04-14,MAXEON SOLAR TECHNOLOGIE
364,AKA,2023-04-14,AKA BRANDS HOLDING CORP
9714,SRC,2023-04-14,SPIRIT REALTY CAPITAL INC
2640,DDEC,2023-04-14,FT CBOE VEST US DEEP BUF DEC
7828,PBBK,2023-04-14,PB BANKSHARES INC
9359,SILO,2023-04-14,SILO PHARMA INC
9569,SOI,2023-04-14,SOLARIS OILFIELD INFRAST-A
3934,FMQQ,2023-04-14,FMQQ NXT FRNT & ECOMM ETF
2656,DECT,2023-04-14,ALLIANZIM US LRG CAP BU10 DE
10268,TPHE,2023-04-14,TIMOTHY PLAN HIGH DIVIDEND S
10041,TDTT,2023-04-14,FLEXSHARES IBOXX 3-YEAR TARG
9418,SLACU,2023-04-14,SOCIAL LEVERAGE ACQUISITION
7076,NCMI,2023-04-14,NATIONAL CINEMEDIA INC
7075,NCLH,2023-04-14,NORWEGIAN CRUISE LINE HOLDIN
2394,CSIQ,2023-04-14,CANADIAN SOLAR INC
9664,SPSB,2023-04-14,SPDR PORT SHRT TRM CORP BND
2015,CID,2023-04-14,VICTORYSHARES INTERNATIONAL
4932,HOLOW,2023-04-14,
6862,MRBK,2023-04-14,MERIDIAN CORP
5448,INTZ,2023-04-14,INTRUSION INC
3355,EQL,2023-04-14,ALPS EQUAL SECTOR WEIGHT ETF
11340,XMAR,2023-04-14,FT CBOE VE US EQ EN MO B-MAR
10274,TPLE,2023-04-14,TIMOTHY PLAN US LARGE/MID CA
6216,LGOV,2023-04-14,FIRST TR LONG DURATION O-ETF
6319,LOW,2023-04-14,LOWE'S COS INC
10526,UJUL,2023-04-14,INNOVATOR U.S. EQUITY ULTRA
642,AQST,2023-04-14,AQUESTIVE THERAPEUTICS INC
4243,GBBK,2023-04-14,GLOBAL BLOCKCHAIN ACQUISITIO
248,AG,2023-04-14,FIRST MAJESTIC SILVER CORP
11425,YCL,2023-04-14,PROSHARES ULTRA YEN
8317,PSCW,2023-04-14,PACER SWAN SOS CONSERV APR
3278,ENFR,2023-04-14,ALERIAN ENERGY INFRASTRUCTUR
5269,IGD,2023-04-14,VOYA GLBL EQTY DVD & PRM OPP
1632,BUZZ,2023-04-14,VANECK SOCIAL SENTIMENT ETF
9076,SBAC,2023-04-14,SBA COMMUNICATIONS CORP
4522,GNTA,2023-04-14,GENENTA SCIENCE SPA - ADR
1536,BSCQ,2023-04-14,INVESCO BULLETSHARES 2026 CO
5371,IMTB,2023-04-14,ISHARES CORE 5-10 YEAR USD
6044,KRT,2023-04-14,KARAT PACKAGING INC
9483,SMHI,2023-04-14,SEACOR MARINE HOLDINGS INC
8722,RF-B,2023-04-14,
10644,USTB,2023-04-14,VICTORYSHARES USAA CORE SHOR
9922,SYII,2023-04-14,SYNTAX STRATIFIED TOTAL MKT
2953,DTST,2023-04-14,DATA STORAGE CORP
1791,CCBG,2023-04-14,CAPITAL CITY BANK GROUP INC
7009,MYI,2023-04-14,BLACKROCK MUNIYIELD QLTY III
7911,PEARW,2023-04-14,
2307,CPNG,2023-04-14,COUPANG INC
319,AI,2023-04-14,C3.AI INC-A
4477,GLUE,2023-04-14,MONTE ROSA THERAPEUTICS INC
5298,IHE,2023-04-14,ISHARES US PHARMACEUTICALS E
8280,PRT,2023-04-14,PERMROCK ROYALTY TRUST
8292,PSA-G,2023-04-14,
1217,BIAF,2023-04-14,BIOAFFINITY TECHNOLOGIES INC
8189,POWL,2023-04-14,POWELL INDUSTRIES INC
6985,MVF,2023-04-14,BLACKROCK MUNIVEST FUND
11352,XOM,2023-04-14,EXXON MOBIL CORP
3940,FNB,2023-04-14,FNB CORP
1547,BSGM,2023-04-14,BIOSIG TECHNOLOGIES INC
3872,FLJP,2023-04-14,FRANKLIN FTSE JAPAN ETF
7194,NJAN,2023-04-14,INNOVATOR GROWTH 100 POWER B
3702,FEBT,2023-04-14,ALLIANZIM US LCAP BUFFER10
3166,EGIS,2023-04-14,2NDVOTE SOCIETY DEFENDED ETF
10547,UMMA,2023-04-14,WAHED DOW JONES ISLAMIC WRLD
7918,PEBO,2023-04-14,PEOPLES BANCORP INC
11311,XHR,2023-04-14,XENIA HOTELS & RESORTS INC
4996,HSRT,2023-04-14,HARTFORD SHORT DURATION ETF
6592,MEIP,2023-04-14,MEI PHARMA INC
1840,CDLX,2023-04-14,CARDLYTICS INC
9827,STSSW,2023-04-14,
6888,MS-F,2023-04-14,
402,ALL-G,2023-04-14,
3783,FIAC,2023-04-14,FOCUS IMPACT ACQUISITION-A
6641,MGIC,2023-04-14,MAGIC SOFTWARE ENTERPRISES
9106,SCC,2023-04-14,PROSHARES ULTRASHORT CONSUME
2305,CPK,2023-04-14,CHESAPEAKE UTILITIES CORP
3784,FIACU,2023-04-14,FOCUS IMPACT ACQUISITION COR
8658,RDN,2023-04-14,RADIAN GROUP INC
10466,UBOT,2023-04-14,DIREXION DAILY ROBOTICS ART
4662,GSRMW,2023-04-14,
454,AMAL,2023-04-14,AMALGAMATED FINANCIAL CORP
11409,XUSP,2023-04-14,INNOVATOR UNCAPPED ACC US EQ
9332,SHW,2023-04-14,SHERWIN-WILLIAMS CO/THE
5924,KERN,2023-04-14,AKERNA CORP
3609,FATBB,2023-04-14,FAT BRANDS INC-CL B
9404,SKX,2023-04-14,SKECHERS USA INC-CL A
223,AFB,2023-04-14,ALLIANCE NATIONAL MUNI INC
9413,SKYW,2023-04-14,SKYWEST INC
10157,TILT,2023-04-14,FLEXSHARES MORNINGSTAR US MA
2489,CVII,2023-04-14,CHURCHILL CAPITAL CORP VII-A
4465,GLSTR,2023-04-14,GLOBAL STAR ACQUISITION-RTS
7408,NVCT,2023-04-14,NUVECTIS PHARMA INC
11124,WHLR,2023-04-14,WHEELER REAL ESTATE INVESTME
671,ARE,2023-04-14,ALEXANDRIA REAL ESTATE EQUIT
1283,BKGI,2023-04-14,BNY MELLON GLOBAL INFRA ETF
7585,OLIT,2023-04-14,OMNILIT ACQUISITION CORP-A
7456,NXGLW,2023-04-14,
9470,SMB,2023-04-14,VANECK SHORT MUNI ETF
2754,DHY,2023-04-14,CREDIT SUISSE HIGH YIELD BD
7998,PGJ,2023-04-14,INVESCO GOLDEN DRAGON CHINA
5397,INDO,2023-04-14,INDONESIA ENERGY CORP LTD
2673,DERM,2023-04-14,JOURNEY MEDICAL CORP
8457,PYT,2023-04-14,
1914,CFG-D,2023-04-14,
5092,HYMB,2023-04-14,SPDR NUVEEN BLOOMBERG HIGH Y
2040,CIO,2023-04-14,CITY OFFICE REIT INC
7225,NMK-B,2023-04-14,
957,AXON,2023-04-14,AXON ENTERPRISE INC
6865,MRCY,2023-04-14,MERCURY SYSTEMS INC
7169,NHIC,2023-04-14,NEWHOLD INVESTMENT CORP II-A
7697,OSCV,2023-04-14,OPUS SMALL CAP VALUE ETF
7592,OLO,2023-04-14,OLO INC - CLASS A
3229,EMCGU,2023-04-14,EMBRACE CHANGE ACQUISITION C
1410,BNO,2023-04-14,UNITED STATES BRENT OIL FUND
3510,EVR,2023-04-14,EVERCORE INC - A
6926,MTAC,2023-04-14,MEDTECH ACQUISITION CORP-A
6141,LCFY,2023-04-14,LOCAFY LTD
9035,SAGP,2023-04-14,STRATEGAS GLOBAL POLICY OPP
8368,PTBD,2023-04-14,PACER TRENDPILOT US BOND ETF
6703,MITK,2023-04-14,MITEK SYSTEMS INC
8110,PLPC,2023-04-14,PREFORMED LINE PRODUCTS CO
7956,PFEB,2023-04-14,INNOVATOR U.S. EQUITY POWER
4063,FRZA,2023-04-14,FORZA X1 INC
8291,PSA-F,2023-04-14,
4595,GRMN,2023-04-14,GARMIN LTD
8752,RGR,2023-04-14,STURM RUGER & CO INC
7119,NESR,2023-04-14,NATIONAL ENERGY SERVICES REU
3715,FEMB,2023-04-14,FIRST TRUST EMERGING MARKETS
9201,SEAL-B,2023-04-14,
9015,RZG,2023-04-14,INVESCO S&P SMALLCAP 600 PUR
1518,BRSHW,2023-04-14,
7781,PACK,2023-04-14,RANPAK HOLDINGS CORP
11407,XTWO,2023-04-14,BONDBLOXX BBG 2Y US TSY ETF
8981,RWODR,2023-04-14,REDWOODS ACQUISITION-RIGHTS
8960,RVNC,2023-04-14,REVANCE THERAPEUTICS INC
3909,FLXS,2023-04-14,FLEXSTEEL INDS
2470,CURI,2023-04-14,CURIOSITYSTREAM INC
9496,SMMU,2023-04-14,PIMCO SHRT TRM MUNI BND ETF
1495,BRK.B,2023-04-14,BERKSHIRE HATHAWAY INC-CL B
1619,BUFT,2023-04-14,FT CBOE VEST BUFF ALLOC DEF
10293,TRCA=,2023-04-14,TWIN RIDGE CAPITAL ACQUISITI
4629,GS-K,2023-04-14,
6606,MET,2023-04-14,METLIFE INC
3251,EMLDW,2023-04-14,
6461,MARW,2023-04-14,ALLIANZIM US LC BUFFER20 MAR
7124,NETC=,2023-04-14,NABORS ENERGY TRANSITION COR
55,ABUS,2023-04-14,ARBUTUS BIOPHARMA CORP
6247,LINC,2023-04-14,LINCOLN EDUCATIONAL SERVICES
9824,STRW,2023-04-14,STRAWBERRY FIELDS REIT LTD
4364,GGAA,2023-04-14,GENESIS GROWTH TECH ACQUIS-A
9866,SUSB,2023-04-14,ISHARES ESG AWARE 1-5 YEAR U
10853,VLGEA,2023-04-14,VILLAGE SUPER MARKET-CLASS A
11025,WABC,2023-04-14,WESTAMERICA BANCORPORATION
2597,DBEF,2023-04-14,XTRACKERS MSCI EAFE HEDGED E
10534,ULH,2023-04-14,UNIVERSAL LOGISTICS HOLDINGS
2666,DEIF,2023-04-14,STERLING CAP DIV MULT MAN AT
1373,BML-G,2023-04-14,
8727,RFACU,2023-04-14,RF ACQUISITION CORP
735,ASB-E,2023-04-14,
11328,XLF,2023-04-14,FINANCIAL SELECT SECTOR SPDR
78,ACBAU,2023-04-14,ACE GLOBAL BUSINESS ACQUISIT
10750,VECO,2023-04-14,VEECO INSTRUMENTS INC
8913,RPTX,2023-04-14,REPARE THERAPEUTICS INC
6929,MTAL,2023-04-14,METALS ACQUISITION CORP-CL A
2366,CRNX,2023-04-14,CRINETICS PHARMACEUTICALS IN
10666,UTSI,2023-04-14,UTSTARCOM HOLDINGS CORP
8732,RFEM,2023-04-14,FIRST TRUST RIVERFRONT DYNAM
3171,EGPT,2023-04-14,VANECK EGYPT INDEX ETF
9955,TALK,2023-04-14,TALKSPACE INC
7938,PERI,2023-04-14,PERION NETWORK LTD
6903,MSFT,2023-04-14,MICROSOFT CORP
10774,VFC,2023-04-14,VF CORP
7438,NWFL,2023-04-14,NORWOOD FINANCIAL CORP
8540,QRTEA,2023-04-14,QURATE RETAIL INC-SERIES A
10187,TLGY,2023-04-14,TLGY ACQUISITION CORP - A
734,ASB,2023-04-14,ASSOCIATED BANC-CORP
11389,XSLV,2023-04-14,INVESCO S&P SMALLCAP LOW VOL
6976,MUR,2023-04-14,MURPHY OIL CORP
478,AMH,2023-04-14,AMERICAN HOMES 4 RENT- A
6898,MSC,2023-04-14,STUDIO CITY INTERNATIONA-ADR
3677,FDHT,2023-04-14,FIDELITY DIGITAL HEALTH ETF
5635,IWFH,2023-04-14,ISHARES VIRTUAL WORK & LIFE
9701,SQFTP,2023-04-14,
2333,CRBU,2023-04-14,CARIBOU BIOSCIENCES INC
9565,SOHOB,2023-04-14,
9893,SWAR,2023-04-14,DIREXION DAILY SOFT BULL 2X
9605,SPC,2023-04-14,CROSSINGBRIDGE PRE-MERGER SP
2662,DEF,2023-04-14,INVESCO DEFENSIVE EQUITY ETF
7548,OEC,2023-04-14,ORION ENGINEERED CARBONS SA
1664,BWXT,2023-04-14,BWX TECHNOLOGIES INC
25,AAP,2023-04-14,ADVANCE AUTO PARTS INC
6168,LEDS,2023-04-14,SEMILEDS CORP/TW
6778,MNMD,2023-04-14,MIND MEDICINE MINDMED INC
10142,THRN,2023-04-14,THORNE HEALTHTECH INC
10958,VSEC,2023-04-14,VSE CORP
6082,KYCH,2023-04-14,KEYARCH ACQUISITION CORP
11360,XOUT,2023-04-14,GRANITESHARES XOUT US L/C
2667,DELL,2023-04-14,DELL TECHNOLOGIES -C
7625,ONFOW,2023-04-14,
4094,FSV,2023-04-14,FIRSTSERVICE CORP
7844,PBP,2023-04-14,INVESCO S&P 500 BUYWRITE ETF
9150,SCLX,2023-04-14,SCILEX HOLDING CO
5321,IJH,2023-04-14,ISHARES CORE S&P MIDCAP ETF
10830,VIRC,2023-04-14,VIRCO MFG CORPORATION
11345,XMPT,2023-04-14,VANECK CEF MUNI INCOME ETF
7910,PEAR,2023-04-14,PEAR THERAPEUTICS INC
5089,HYLG,2023-04-14,GLOBAL X HLTH CARE COV CALL
6402,LVOXW,2023-04-14,
1847,CDRO,2023-04-14,CODERE ONLINE LUXEMBOURG SA
9083,SBFG,2023-04-14,SB FINANCIAL GROUP INC
8012,PGTI,2023-04-14,PGT INNOVATIONS INC
503,AMPY,2023-04-14,AMPLIFY ENERGY CORP
3687,FDN,2023-04-14,FIRST TRUST DJ INTERNET IND
4292,GDNRW,2023-04-14,
3059,EBS,2023-04-14,EMERGENT BIOSOLUTIONS INC
2583,DATSW,2023-04-14,
10988,VTV,2023-04-14,VANGUARD VALUE ETF
4452,GLOP-B,2023-04-14,
3343,EPSN,2023-04-14,EPSILON ENERGY LTD
8051,PIE,2023-04-14,INVESCO DWA EMERGING MARKETS
3626,FBIN,2023-04-14,FORTUNE BRANDS INNOVATIONS I
11307,XGN,2023-04-14,EXAGEN INC
11016,VYM,2023-04-14,VANGUARD HIGH DVD YIELD ETF
7062,NBST,2023-04-14,NEWBURY STREET ACQUISITION C
3205,ELLO,2023-04-14,ELLOMAY CAPITAL LTD
5002,HT,2023-04-14,HERSHA HOSPITALITY TRUST-A
3848,FLCO,2023-04-14,FRANKLIN INVESTMENT GRADE CO
8119,PLTNU,2023-04-14,PLUTONIAN ACQUISITION CORP
7053,NBDS,2023-04-14,NB DISRUPTERS ETF
4533,GOF,2023-04-14,GUGGENHEIM STRATEGIC OPPORTU
2019,CIFR,2023-04-14,CIPHER MINING INC
2137,CMCAW,2023-04-14,
7794,PAM,2023-04-14,PAMPA ENERGIA SA-SPON ADR
9408,SKYAW,2023-04-14,
11401,XTLB,2023-04-14,XTL BIOPHARMACEUTICALS-ADR
5416,INMB,2023-04-14,INMUNE BIO INC
6212,LGLV,2023-04-14,SPDR SSGA US LARGE CAP LOW V
9634,SPIB,2023-04-14,SPDR PORT INT CORP BOND ETF
7690,ORN,2023-04-14,ORION GROUP HOLDINGS INC
11139,WINVU,2023-04-14,WINVEST ACQUISITION CORP
1048,BBIG,2023-04-14,VINCO VENTURES INC
7975,PFLD,2023-04-14,AAM LOW DUR PREF & INC SEC
7236,NMZ,2023-04-14,NUVEEN MUNI HIGH INC OPPORT
5496,IPW,2023-04-14,IPOWER INC
9356,SILC,2023-04-14,SILICOM LTD
6105,LANV,2023-04-14,LANVIN GROUP HOLDINGS LTD
54,ABT,2023-04-14,ABBOTT LABORATORIES
4720,GYRO,2023-04-14,GYRODYNE LLC
3833,FJUN,2023-04-14,FT CBOE VEST U.S. EQUITY BUF
1135,BEP,2023-04-14,BROOKFIELD RENEWABLE PARTNER
10557,UNL,2023-04-14,UNITED STATES 12 MONTH NATUR
5558,ISRG,2023-04-14,INTUITIVE SURGICAL INC
2295,CPB,2023-04-14,CAMPBELL SOUP CO
964,AXTI,2023-04-14,AXT INC
550,ANTX,2023-04-14,AN2 THERAPEUTICS INC
1841,CDMO,2023-04-14,AVID BIOSERVICES INC
2029,CIK,2023-04-14,CREDIT SUISSE ASSET MGMT INC
8398,PTWOU,2023-04-14,PONO CAPITAL TWO INC
1248,BIPH,2023-04-14,
1551,BSJP,2023-04-14,INVESCO BULLETSHARES 2025 HI
4561,GPCR,2023-04-14,STRUCTURE THERAPEUTICS INC
333,AIM,2023-04-14,AIM IMMUNOTECH INC
4293,GDO,2023-04-14,WESTERN ASSET GL CORP DEF OP
6043,KRP,2023-04-14,KIMBELL ROYALTY PARTNERS LP
1762,CBAT,2023-04-14,CBAK ENERGY TECHNOLOGY INC
2102,CLPS,2023-04-14,CLPS INC
11052,WBIY,2023-04-14,WBI POWER FACTOR HIGH DIV
4081,FSMD,2023-04-14,FIDELITY SMALL-MID MULTIFACT
246,AFTY,2023-04-14,PACER CSOP FTSE CHINA A50 ET
1264,BIZD,2023-04-14,VANECK BDC INCOME ETF
3610,FATBP,2023-04-14,
2680,DFAI,2023-04-14,DIMENSIONAL INTERNATIONAL CO
3857,FLFVU,2023-04-14,FEUTUNE LIGHT ACQUISITION CO
1149,BFAM,2023-04-14,BRIGHT HORIZONS FAMILY SOLUT
3639,FBT,2023-04-14,FIRST TRUST NYSE ARCA BIOTEC
7457,NXGN,2023-04-14,NEXTGEN HEALTHCARE INC
11177,WNDY,2023-04-14,GLOBAL X WIND ENERGY ETF
3214,ELV,2023-04-14,ELEVANCE HEALTH INC
9225,SELV,2023-04-14,SEI ENHANCED LOW VOL US LRG
4639,GSFP,2023-04-14,GS FUTURE PLANET EQUITY ETF
8244,PRIF-I,2023-04-14,
11469,YY,2023-04-14,JOYY INC-ADR
8908,RPID,2023-04-14,RAPID MICRO BIOSYSTEMS INC-A
5170,IBRX,2023-04-14,IMMUNITYBIO INC
835,ATMVR,2023-04-14,ALPHAVEST ACQUISITION CO-RT
1388,BNDC,2023-04-14,FLEXSHARES CORE SELECT BOND
1779,CBSE,2023-04-14,CHANGEBRIDGE SELECT EQUITY E
7997,PGHY,2023-04-14,INVESCO GLOBAL SHORT TERM HI
8506,QLV,2023-04-14,FLEXSHARES US QUALITY LOW VO
2174,CMU,2023-04-14,MFS HIGH YIELD MUNICIPAL TRU
9030,SAFT,2023-04-14,SAFETY INSURANCE GROUP INC
9847,SUBS,2023-04-14,FOUNT SUBSCRIPTION ECONOMY
8857,ROAD,2023-04-14,CONSTRUCTION PARTNERS INC-A
4419,GJT,2023-04-14,
5550,ISHP,2023-04-14,FIRST TRUST S-NETWORK E-COMM
7068,NBXG,2023-04-14,NBRGR BRMN NEX GEN CONNECT
9139,SCHV,2023-04-14,SCHWAB US LARGE-CAP VALUE
1562,BSMQ,2023-04-14,INVESCO BULLETSHARES 2026 MU
2117,CLSM,2023-04-14,CABANA TARGET LEADING SECTOR
5243,IEMG,2023-04-14,ISHARES CORE MSCI EMERGING
3326,EPAM,2023-04-14,EPAM SYSTEMS INC
3327,EPC,2023-04-14,EDGEWELL PERSONAL CARE CO
8474,QCON,2023-04-14,AMERICAN CENT QUAL CONVT SEC
9025,SACC,2023-04-14,
10084,TFC-R,2023-04-14,
10255,TOPS,2023-04-14,TOP SHIPS INC
8601,RAVI,2023-04-14,FLEXSHARES ULTRA-SHORT INCOM
5135,IBDP,2023-04-14,ISHARES IBONDS DEC 2024 TERM
6277,LMAT,2023-04-14,LEMAITRE VASCULAR INC
10406,TVC,2023-04-14,
5523,IRDM,2023-04-14,IRIDIUM COMMUNICATIONS INC
3890,FLQM,2023-04-14,FRANKLIN U.S. MID CAP MULTIF
6581,MEAR,2023-04-14,BLACKROCK SHORT MATURITY MUN
8734,RFFC,2023-04-14,RIVERFRONT DYNAMIC US FC ETF
2142,CMCT,2023-04-14,CREATIVE MEDIA & COMMUNITY T
1063,BBU,2023-04-14,BROOKFIELD BUSINESS PT-UNIT
6544,MCR,2023-04-14,MFS CHARTER INCOME TRUST
5744,JHMD,2023-04-14,JOHN HANCOCK MF DEV INTL ETF
6800,MOBQW,2023-04-14,
2627,DCGO,2023-04-14,DOCGO INC
10884,VNET,2023-04-14,VNET GROUP INC-ADR
10369,TSME,2023-04-14,THRIVENT SMALL-MID CAP ESG
4942,HOTH,2023-04-14,HOTH THERAPEUTICS INC
7600,OMEX,2023-04-14,ODYSSEY MARINE EXPLORATION
10972,VTEB,2023-04-14,VANGUARD TAX-EXEMPT BOND ETF
8252,PRLH,2023-04-14,PEARL HOLDINGS ACQUISITION-A
3485,EVER,2023-04-14,EVERQUOTE INC - CLASS A
1940,CGNT,2023-04-14,COGNYTE SOFTWARE LTD
7150,NFTY,2023-04-14,FIRST TRUST INDIA NIFTY 50 E
4185,FXL,2023-04-14,FIRST TRUST TECHNOLOGY ALPHA
1008,BALY,2023-04-14,BALLY'S CORP
11260,WYNN,2023-04-14,WYNN RESORTS LTD
11174,WMS,2023-04-14,ADVANCED DRAINAGE SYSTEMS IN
2135,CMCA,2023-04-14,CAPITALWORKS EMERGING M-CL A
5980,KMLM,2023-04-14,KFA MOUNT LUCAS MANAGED FUTU
8265,PROV,2023-04-14,PROVIDENT FINANCIAL HLDGS
4121,FTI,2023-04-14,TECHNIPFMC PLC
4817,HES,2023-04-14,HESS CORP
10503,UFPI,2023-04-14,UFP INDUSTRIES INC
3429,ESTA,2023-04-14,ESTABLISHMENT LABS HOLDINGS
4955,HPKEW,2023-04-14,
2848,DNB,2023-04-14,DUN & BRADSTREET HOLDINGS IN
4389,GHL,2023-04-14,GREENHILL & CO INC
7458,NXJ,2023-04-14,NUVEEN NJ QUAL MUNI INC FD
3297,ENTF,2023-04-14,ENTERPRISE 4.0 TECHNOLOGY AC
2127,CLXT,2023-04-14,CALYXT INC
3675,FDEV,2023-04-14,FIDELITY INTERNATIONAL MULTI
2017,CIEN,2023-04-14,CIENA CORP
4378,GGT,2023-04-14,GABELLI MULTIMEDIA TRUST INC
3275,ENERU,2023-04-14,ACCRETION ACQUISITION CORP
656,ARBGU,2023-04-14,AEQUI ACQUISITION CORP
3042,EAST,2023-04-14,EASTSIDE DISTILLING INC
10199,TLTW,2023-04-14,ISHARES 20+ BOND BUYWRITE
3192,EJH,2023-04-14,E-HOME HOUSEHOLD SERVICE
2109,CLRG,2023-04-14,IQ CHAIKIN US LARGE CAP ETF
3822,FIVN,2023-04-14,FIVE9 INC
3378,ERII,2023-04-14,ENERGY RECOVERY INC
4554,GOVZ,2023-04-14,ISHARES 25+ YR TREAS STRIPS
9980,TBCPU,2023-04-14,THUNDER BRIDGE CAPITAL PARTN
2982,DVND,2023-04-14,TOUCHSTONE DIVIDEND SELECT
1902,CFB,2023-04-14,CROSSFIRST BANKSHARES INC
3358,EQR,2023-04-14,EQUITY RESIDENTIAL
9188,SDOG,2023-04-14,ALPS SECTOR DIVIDEND DOGS
2458,CUBE,2023-04-14,CUBESMART
11494,ZHDG,2023-04-14,ZEGA BUY AND HEDGE ETF
10225,TMQ,2023-04-14,TRILOGY METALS INC
1457,BPMC,2023-04-14,BLUEPRINT MEDICINES CORP
8618,RBT,2023-04-14,RUBICON TECHNOLOGIES INC
8885,RONI,2023-04-14,RICE ACQUISITION CORP II -A
2550,CYRX,2023-04-14,CRYOPORT INC
1284,BKH,2023-04-14,BLACK HILLS CORP
9799,STLA,2023-04-14,STELLANTIS NV
10819,VIIAW,2023-04-14,
5245,IEP,2023-04-14,ICAHN ENTERPRISES LP
6709,MIXT,2023-04-14,MIX TELEMATICS LTD-SP ADR
1249,BIPI,2023-04-14,
4685,GTN.A,2023-04-14,GRAY TELEVISION INC-A
8802,RKDA,2023-04-14,ARCADIA BIOSCIENCES INC
10212,TMFE,2023-04-14,MOTLEY FOOL CAPITAL EFFICIE
11477,ZCMD,2023-04-14,ZHONGCHAO INC-CLASS A
295,AGTI,2023-04-14,AGILITI INC
5661,IXSE,2023-04-14,WISDOMTREE INDIA EX-STATE FD
2543,CYBR,2023-04-14,CYBERARK SOFTWARE LTD/ISRAEL
7464,NXPL,2023-04-14,NEXTPLAT CORP
5494,IPVIU,2023-04-14,INTERPRIVATE IV INFRATECH
4761,HCC,2023-04-14,WARRIOR MET COAL INC
7923,PEGR,2023-04-14,PROJECT ENERGY REIMAGINED AC
2016,CIDM,2023-04-14,CINEDIGM CORP - A
10791,VGSH,2023-04-14,VANGUARD SHORT-TERM TREASURY
477,AMGN,2023-04-14,AMGEN INC
5918,KELYB,2023-04-14,KELLY SERVICES INC -CL B
8036,PHVS,2023-04-14,PHARVARIS NV
2603,DBGIW,2023-04-14,
5905,KCCA,2023-04-14,KRANESHARES CALIFORNIA CARBO
7570,OI,2023-04-14,O-I GLASS INC
2595,DBD,2023-04-14,DIEBOLD NIXDORF INC
6346,LRND,2023-04-14,IQ US LRG CAP R&D LEAD ETF
9505,SMRT,2023-04-14,SMARTRENT INC
9704,SQLLW,2023-04-14,
7977,PFM,2023-04-14,INVESCO DIVIDEND ACHIEVERS E
6074,KW,2023-04-14,KENNEDY-WILSON HOLDINGS INC
2805,DLHC,2023-04-14,DLH HOLDINGS CORP
3758,FGF,2023-04-14,FG FINANCIAL GROUP INC
4337,GERM,2023-04-14,ETFMG TRTMNT TESTING ADV ETF
3283,ENLT,2023-04-14,ENLIGHT RENEWABLE ENERGY LTD
6218,LGSTU,2023-04-14,SEMPER PARATUS ACQUISITION C
11442,YMAR,2023-04-14,FT CBOE VEST INT EQTY BUF-MA
1103,BCV,2023-04-14,BANCROFT FUND LTD
9833,STWD,2023-04-14,STARWOOD PROPERTY TRUST INC
10621,USEG,2023-04-14,U S ENERGY CORP - DELAWARE
3792,FICVU,2023-04-14,FRONTIER INVESTMENT CORP
534,ANET,2023-04-14,ARISTA NETWORKS INC
2859,DOCN,2023-04-14,DIGITALOCEAN HOLDINGS INC
9599,SPAB,2023-04-14,SPDR PORTFOLIO AGGREGATE BON
10263,TPB,2023-04-14,TURNING POINT BRANDS INC
6053,KSPN,2023-04-14,KASPIEN HOLDINGS INC
5655,IXC,2023-04-14,ISHARES GLOBAL ENERGY ETF
4458,GLPG,2023-04-14,GALAPAGOS NV-SPON ADR
8393,PTRB,2023-04-14,PGIM TOTAL RETURN BOND ETF
5183,ICAD,2023-04-14,ICAD INC
1989,CHN,2023-04-14,CHINA FUND INC
7866,PCG-C,2023-04-14,
7411,NVDS,2023-04-14,AXS 1.25X NVDA BEAR DAILY
1039,BBCB,2023-04-14,JPMORGAN BETABUILDERS USD IN
3819,FIVA,2023-04-14,FIDELITY INTL VAL FACTOR ETF
759,ASM,2023-04-14,AVINO SILVER & GOLD MINES
10098,TGAA,2023-04-14,TARGET GLOBAL ACQUISITION -A
9289,SGOV,2023-04-14,ISHARES 0-3 MONTH TREASURY B
8306,PSCC,2023-04-14,INVESCO S&P SMALLCAP CONSUME
1362,BMAQR,2023-04-14,BLOCKCHAIN MOON ACQ-RTS
3105,EDTXW,2023-04-14,
2926,DSOC,2023-04-14,INNOVATOR DOUBLE STACKER OCT
4738,HARD,2023-04-14,SIMPLIFY COMMODITIES STR K-1
7945,PETWW,2023-04-14,
2668,DEM,2023-04-14,WISDOMTREE EMERGING MARKETS
11518,ZS,2023-04-14,ZSCALER INC
1994,CHRG,2023-04-14,ENERGY & MINERALS GROUP EV S
4975,HRT,2023-04-14,HIRERIGHT HOLDINGS CORP
9486,SMIG,2023-04-14,AAM B&G SM/MID CAP INC GRWTH
2697,DFIN,2023-04-14,DONNELLEY FINANCIAL SOLUTION
8495,QH,2023-04-14,QUHUO LTD-ADR
7179,NICE,2023-04-14,NICE LTD - SPON ADR
9943,T-C,2023-04-14,
4167,FWD,2023-04-14,AB DISRUPTORS ETF
17,AAL,2023-04-14,AMERICAN AIRLINES GROUP INC
406,ALLG,2023-04-14,ALLEGO NV
9940,SZZLW,2023-04-14,
7184,NIMC,2023-04-14,
1580,BSY,2023-04-14,BENTLEY SYSTEMS INC-CLASS B
7226,NMK-C,2023-04-14,
3959,FNK,2023-04-14,FIRST TRUST MID CAP VALUE
3293,ENSC,2023-04-14,ENSYSCE BIOSCIENCES INC
4044,FRLAW,2023-04-14,
4026,FRC-N,2023-04-14,
6579,MDYV,2023-04-14,SPDR S&P 400 MID CAP VALUE E
11368,XPEL,2023-04-14,XPEL INC
2764,DIN,2023-04-14,DINE BRANDS GLOBAL INC
1142,BEST,2023-04-14,BEST INC - ADR
6793,MNTV,2023-04-14,MOMENTIVE GLOBAL INC
4924,HNVR,2023-04-14,HANOVER BANCORP INC/NY
3035,EAOK,2023-04-14,ISHARES ESG AWARE CONS ALLOC
6109,LASR,2023-04-14,NLIGHT INC
566,AORT,2023-04-14,ARTIVION INC
4440,GLLI,2023-04-14,GLOBALINK INVESTMENT INC
7764,OXUSU,2023-04-14,OXUS ACQUISITION CORP
804,ATEK=,2023-04-14,ATHENA TECHNOLOGY ACQUISITIO
7471,NXTG,2023-04-14,FIRST TRUST INDXX NEXTG ETF
7451,NXDT,2023-04-14,NEXPOINT DIVERSIFIED REAL ES
11068,WDFC,2023-04-14,WD-40 CO
10591,URI,2023-04-14,UNITED RENTALS INC
10872,VMD,2023-04-14,VIEMED HEALTHCARE INC
4109,FTCS,2023-04-14,FIRST TRUST CAPITAL STRENGTH
2945,DTIL,2023-04-14,PRECISION BIOSCIENCES INC
7928,PEN,2023-04-14,PENUMBRA INC
9304,SHCRW,2023-04-14,
3877,FLMB,2023-04-14,FRANKLIN MUNICIPAL GREEN BON
9075,SB-D,2023-04-14,
208,AEP,2023-04-14,AMERICAN ELECTRIC POWER
11336,XLU,2023-04-14,UTILITIES SELECT SECTOR SPDR
2474,CUT,2023-04-14,INVESCO MSCI GLOBAL TIMBER E
626,APTO,2023-04-14,APTOSE BIOSCIENCES INC
914,AVNT,2023-04-14,AVIENT CORP
3866,FLIA,2023-04-14,FRANKLIN INTERNATIONAL AGGRE
5957,KIRK,2023-04-14,KIRKLAND'S INC
8975,RWK,2023-04-14,INVESCO S&P MIDCAP 400 REV
2317,CPTK,2023-04-14,CROWN PROPTECH ACQUISITION-A
6302,LOB,2023-04-14,LIVE OAK BANCSHARES INC
4482,GMAB,2023-04-14,GENMAB A/S -SP ADR
5070,HYB,2023-04-14,NEW AMERICA HIGH INCOME FUND
4437,GLIF,2023-04-14,AGF GLOBAL INFRASTRUCTURE ET
11013,VXX,2023-04-14,IPATH SERIES B S&P 500 VIX
10827,VIOV,2023-04-14,VANGUARD S&P SMALL-CAP 600 V
1329,BLEUW,2023-04-14,
4963,HQH,2023-04-14,TEKLA HEALTHCARE INVESTORS
10596,URTY,2023-04-14,PROSHARES ULTRAPRO RUSS2000
2685,DFAX,2023-04-14,DIMENSIONAL WORLD EX US CORE
2155,CMPS,2023-04-14,COMPASS PATHWAYS PLC
7334,NSTD=,2023-04-14,NORTHERN STAR INVESTMENT COR
5959,KITTW,2023-04-14,
2936,DTB,2023-04-14,
8299,PSA-N,2023-04-14,
8614,RBLD,2023-04-14,FIRST TRUST ALERIAN US NEXTG
1681,BYND,2023-04-14,BEYOND MEAT INC
1921,CFO,2023-04-14,VICTORYSHARES US 500 ENHANCE
10487,UDI,2023-04-14,USCF DIVIDEND INCOME
11364,XPAXW,2023-04-14,
6710,MIY,2023-04-14,BLACKROCK MUNIYIELD MI QUALI
9965,TAP,2023-04-14,MOLSON COORS BEVERAGE CO - B
1352,BLUE,2023-04-14,BLUEBIRD BIO INC
1083,BCE,2023-04-14,BCE INC
5769,JLL,2023-04-14,JONES LANG LASALLE INC
8049,PICK,2023-04-14,ISHARES MSCI GLOBAL METALS &
3062,ECAT,2023-04-14,BLACKROCK ESG CAPITAL ALLOCA
8822,RMD,2023-04-14,RESMED INC
327,AIG,2023-04-14,AMERICAN INTERNATIONAL GROUP
5939,KFVG,2023-04-14,KRANESHARES CICC CHINA 5G
4718,GXTG,2023-04-14,GLOBAL X THEMATIC GROWTH ETF
11159,WLDSW,2023-04-14,
6167,LECO,2023-04-14,LINCOLN ELECTRIC HOLDINGS
1807,CCNE,2023-04-14,CNB FINANCIAL CORP/PA
20,AAMC,2023-04-14,ALTISOURCE ASSET MANAGEMENT
8976,RWL,2023-04-14,INVESCO S&P 500 REVENUE ETF
11306,XFOR,2023-04-14,X4 PHARMACEUTICALS INC
9464,SLYV,2023-04-14,SPDR S&P 600 SMALL CAP VALUE
3140,EFIV,2023-04-14,SPDR S&P 500 ESG ETF
2350,CRGE,2023-04-14,CHARGE ENTERPRISES INC
6541,MCO,2023-04-14,MOODY'S CORP
6072,KVLE,2023-04-14,KFA VALUE LINE DYNAMIC CORE
2624,DCF,2023-04-14,BNY MELLON ALCENTRA GLOBAL C
2587,DAVEW,2023-04-14,
3385,ERX,2023-04-14,DIREXION DAILY ENERGY BULL 2
5253,IFBD,2023-04-14,INFOBIRD CO LTD
6117,LAZY,2023-04-14,LAZYDAYS HOLDINGS INC
8750,RGNX,2023-04-14,REGENXBIO INC
3916,FMAO,2023-04-14,FARMERS & MERCHANTS BANCO/OH
5167,IBOT,2023-04-14,VANECK ROBOTICS ETF
5287,IGT,2023-04-14,INTERNATIONAL GAME TECHNOLOG
10434,TXMD,2023-04-14,THERAPEUTICSMD INC
6203,LGF.A,2023-04-14,LIONS GATE ENTERTAINMENT-A
9874,SVII,2023-04-14,SPRING VALLEY ACQUISITION-A
9168,SCUA=,2023-04-14,SCULPTOR ACQUISITION CORP I
5569,IT,2023-04-14,GARTNER INC
2542,CYBN,2023-04-14,CYBIN INC
5255,IFF,2023-04-14,INTL FLAVORS & FRAGRANCES
9047,SAMAW,2023-04-14,
5292,IGTR,2023-04-14,INNOVATOR GRAD TACT ROTATION
2801,DKRB,2023-04-14,SUBVERSIVE DECARBONIZATION
11019,VYNT,2023-04-14,VYANT BIO INC
7237,NN,2023-04-14,NEXTNAV INC
8366,PT,2023-04-14,PINTEC TECHNOLOGY HOLDINGS L
1166,BFS,2023-04-14,SAUL CENTERS INC
2818,DLTR,2023-04-14,DOLLAR TREE INC
5798,JPIE,2023-04-14,JPMORGAN INCOME ETF
7919,PECO,2023-04-14,PHILLIPS EDISON & COMPANY IN
6243,LILAK,2023-04-14,LIBERTY LATIN AMERIC-CL C
10073,TER,2023-04-14,TERADYNE INC
4555,GP,2023-04-14,GREENPOWER MOTOR CO INC
4686,GTO,2023-04-14,INVESCO TOTAL RETURN BOND ET
2451,CTSO,2023-04-14,CYTOSORBENTS CORP
9468,SMAPW,2023-04-14,
11424,YCBD-A,2023-04-14,
4072,FSFG,2023-04-14,FIRST SAVINGS FINANCIAL GRP
443,ALTUW,2023-04-14,
11275,XBOC,2023-04-14,INNOVATOR US EQY ACC 9 BUFF
3727,FEX,2023-04-14,FIRST TRUST LARGE CAP CORE A
710,ARQT,2023-04-14,ARCUTIS BIOTHERAPEUTICS INC
3698,FDWM,2023-04-14,FIDELITY WOMENS LEADERSHIP
1125,BECO,2023-04-14,BLACKROCK FUTURE CLIMATE AND
9757,SSSS,2023-04-14,SURO CAPITAL CORP
848,ATRI,2023-04-14,ATRION CORPORATION
6410,LWAY,2023-04-14,LIFEWAY FOODS INC
11502,ZINGW,2023-04-14,
7609,ON,2023-04-14,ON SEMICONDUCTOR
821,ATIP,2023-04-14,ATI PHYSICAL THERAPY INC
10945,VRSK,2023-04-14,VERISK ANALYTICS INC
6857,MQT,2023-04-14,BLACKROCK MUNIYIELD QUAL II
8792,RITM-B,2023-04-14,
2823,DMAC,2023-04-14,DIAMEDICA THERAPEUTICS INC
2299,CPG,2023-04-14,CRESCENT POINT ENERGY CORP
2203,CNOB,2023-04-14,CONNECTONE BANCORP INC
4439,GLL,2023-04-14,PROSHARES ULTRASHORT GOLD
464,AMBI,2023-04-14,AMBIPAR EMERGENCY RESPONSE
10310,TRKAW,2023-04-14,
9267,SGA,2023-04-14,SAGA COMMUNICATIONS INC-CL A
802,ATEK,2023-04-14,ATHENA TECHNOLOGY ACQUISIT-A
282,AGNCP,2023-04-14,
4414,GJH,2023-04-14,
1175,BGFV,2023-04-14,BIG 5 SPORTING GOODS CORP
2168,CMSA,2023-04-14,
605,APO,2023-04-14,APOLLO GLOBAL MANAGEMENT INC
796,ATCO-D,2023-04-14,
203,AEM,2023-04-14,AGNICO EAGLE MINES LTD
4176,FXCOR,2023-04-14,FINANCIAL STRATEGIES ACQ -RT
9456,SLVO,2023-04-14,X-LINKS SLVR SHRS COVRD CALL
5466,IONR,2023-04-14,IONEER LTD - ADR
9108,SCCC,2023-04-14,
2849,DNL,2023-04-14,WISDOMTREE GLOBAL EX-US QUAL
259,AGG,2023-04-14,ISHARES CORE U.S. AGGREGATE
7196,NJUL,2023-04-14,INNOVATOR GROWTH 100 POWER B
3359,EQRR,2023-04-14,PROSHRS EQTY RISING RATE ETF
3367,EQX,2023-04-14,EQUINOX GOLD CORP
7138,NFBK,2023-04-14,NORTHFIELD BANCORP INC
9807,STNG,2023-04-14,SCORPIO TANKERS INC
7034,NANC,2023-04-14,UNUSUAL SUBVERSIVE DT ETF
7868,PCG-E,2023-04-14,
10602,USAU,2023-04-14,US GOLD CORP
3631,FBL,2023-04-14,GRANITESHARES 1.5 LONG META
5316,IINNW,2023-04-14,
11246,WULF,2023-04-14,TERAWULF INC
1608,BTWNU,2023-04-14,BRIDGETOWN HOLDINGS LTD
2569,DALI,2023-04-14,FIRST TRUST DORSEYWRIGHT DAL
3559,EXEL,2023-04-14,EXELIXIS INC
2197,CNK,2023-04-14,CINEMARK HOLDINGS INC
6377,LTRY,2023-04-14,LOTTERY.COM INC
6849,MPRO,2023-04-14,MONARCH PROCAP ETF
8898,ROSS=,2023-04-14,ROSS ACQUISITION CORP II
965,AY,2023-04-14,ATLANTICA SUSTAINABLE INFRAS
5686,JAN,2023-04-14,JANONE INC
5885,KARO,2023-04-14,KAROOOOO LTD
2929,DSTL,2023-04-14,DISTILLATE US FUNDAMENTAL ST
10807,VIAV,2023-04-14,VIAVI SOLUTIONS INC
9581,SONN,2023-04-14,SONNET BIOTHERAPEUTICS HOLDI
9097,SBS,2023-04-14,CIA SANEAMENTO BASICO DE-ADR
6563,MDLZ,2023-04-14,MONDELEZ INTERNATIONAL INC-A
491,AMND,2023-04-14,ETRACS ALERIAN MIDST H/DV EN
5353,IMFL,2023-04-14,INVESCO INT DVLP DYN MULTI
10193,TLRY,2023-04-14,TILRAY BRANDS INC
2780,DIVB,2023-04-14,ISHARES CORE DIVIDEND ETF
3836,FL,2023-04-14,FOOT LOCKER INC
11412,XWEB,2023-04-14,SPDR S&P INTERNET ETF
1478,BRD,2023-04-14,BEARD ENERGY TRANSITION AC-A
8731,RFDI,2023-04-14,FIRST TRST DYN DEVEL INT ETF
5077,HYEM,2023-04-14,VANECK EMRG MKTS HI YLD
11226,WTFCM,2023-04-14,
6230,LIBY,2023-04-14,LIBERTY RESOURCES ACQUI-CL A
1668,BXMT,2023-04-14,BLACKSTONE MORTGAGE TRU-CL A
8156,PNC,2023-04-14,PNC FINANCIAL SERVICES GROUP
1460,BPRN,2023-04-14,PRINCETON BANCORP INC
2919,DSGX,2023-04-14,DESCARTES SYSTEMS GRP/THE
2742,DHCAU,2023-04-14,DHC ACQUISITION CORP
5994,KNSW=,2023-04-14,KNIGHTSWAN ACQUISITION CORP
659,ARBKL,2023-04-14,
10772,VEU,2023-04-14,VANGUARD FTSE ALL-WORLD EX-U
956,AXNX,2023-04-14,AXONICS INC
8026,PHGE=,2023-04-14,BIOMX INC
2044,CIRC,2023-04-14,JPMORGAN SUSTAINABLE CONSUMP
2041,CIO-A,2023-04-14,
7350,NTIP,2023-04-14,NETWORK-1 TECHNOLOGIES INC
6229,LIAN,2023-04-14,LIANBIO-ADR
1383,BMTX,2023-04-14,BM TECHNOLOGIES INC
5776,JMSB,2023-04-14,JOHN MARSHALL BANCORP INC
784,ASUR,2023-04-14,ASURE SOFTWARE INC
10700,VALQ,2023-04-14,AMERICAN CENTURY STOXX US
3267,EMZA,2023-04-14,EMERGE EMPWR SUST GL CORE EQ
9747,SSKN,2023-04-14,STRATA SKIN SCIENCES INC
2987,DWAC,2023-04-14,DIGITAL WORLD ACQUISITION-A
1543,BSEA,2023-04-14,ETFMG BREAKWAVE SEA DECARB T
8028,PHIO,2023-04-14,PHIO PHARMACEUTICALS CORP
8587,RACYU,2023-04-14,RELATIVITY ACQUISITION CORP
3941,FNB-E,2023-04-14,
5781,JNK,2023-04-14,SPDR BLOOMBERG HIGH YIELD BO
11501,ZINGU,2023-04-14,FTAC ZEUS ACQUISITION CORP
6864,MRCC,2023-04-14,MONROE CAPITAL CORP
6972,MUI,2023-04-14,BLACKROCK MUNICIPAL INCOME
9361,SILX,2023-04-14,ETFMG PRIME 2X DAILY JUNIOR
4548,GORO,2023-04-14,GOLD RESOURCE CORP
6768,MMV,2023-04-14,MULTIMETAVERSE HOLDINGS LTD
10723,VC,2023-04-14,VISTEON CORP
3965,FNVTU,2023-04-14,FINNOVATE ACQUISITION CORP
2873,DOOR,2023-04-14,MASONITE INTERNATIONAL CORP
5750,JHX,2023-04-14,JAMES HARDIE IND PLC-SP ADR
9681,SPXB,2023-04-14,PROSHARES S&P 500 BOND ETF
2766,DINT,2023-04-14,DAVIS SELECT INTERNATIONAL
809,ATGE,2023-04-14,ADTALEM GLOBAL EDUCATION INC
9613,SPD,2023-04-14,SIMPLIFY US EQUITY PLUS DOWN
7708,OST,2023-04-14,OSTIN TECHNOLOGY GROUP CO LT
3209,ELP,2023-04-14,CIA PARANAENSE ENER-SP ADR
558,AOGO,2023-04-14,AROGO CAPITAL ACQUISITION -A
7841,PBL,2023-04-14,PGIM PORTFOLIO BALLAST ETF
8959,RVMD,2023-04-14,REVOLUTION MEDICINES INC
9061,SASR,2023-04-14,SANDY SPRING BANCORP INC
2740,DHC,2023-04-14,DIVERSIFIED HEALTHCARE TRUST
8211,PPTA,2023-04-14,PERPETUA RESOURCES CORP
7174,NHWK,2023-04-14,NIGHTHAWK BIOSCIENCES INC
7552,OFC,2023-04-14,CORPORATE OFFICE PROPERTIES
111,ACP,2023-04-14,ABRDN INCOME CREDIT STRATEGI
2548,CYH,2023-04-14,COMMUNITY HEALTH SYSTEMS INC
1112,BDL,2023-04-14,FLANIGAN'S ENTERPRISES INC
4149,FUNC,2023-04-14,FIRST UNITED CORP
10704,VANI,2023-04-14,VIVANI MEDICAL INC
3191,EJAN,2023-04-14,INNOVATOR EMERGING MARKETS P
8814,RLY,2023-04-14,SPDR SSGA MULTI-ASSET REAL R
8892,ROSC,2023-04-14,HARTFORD MULTIFACTOR SMALL C
9048,SAMG,2023-04-14,SILVERCREST ASSET MANAGEME-A
4845,HHLA,2023-04-14,HH&L ACQUISITION CO -CLASS A
5893,KBND,2023-04-14,KRANESHARES BLOOMBERG CHINA
3658,FCOM,2023-04-14,FIDELITY MSCI COMMUNICATION
8428,PWSC,2023-04-14,POWERSCHOOL HOLDINGS INC-A
7612,ONBPP,2023-04-14,
1139,BEPI,2023-04-14,
7521,OCCIN,2023-04-14,
672,AREB,2023-04-14,AMERICAN REBEL HOLDINGS INC
7060,NBRV,2023-04-14,NABRIVA THERAPEUTICS PLC
3607,FAST,2023-04-14,FASTENAL CO
1216,BHVN,2023-04-14,BIOHAVEN LTD
8330,PSFM,2023-04-14,PACER SWAN SOS FLEX APRIL
10452,UAA,2023-04-14,UNDER ARMOUR INC-CLASS A
10191,TLIS,2023-04-14,TALIS BIOMEDICAL CORP
4132,FTSD,2023-04-14,FRANKLIN SHORT DURATION U.S.
2284,COUR,2023-04-14,COURSERA INC
10673,UUUU,2023-04-14,ENERGY FUELS INC
9244,SF,2023-04-14,STIFEL FINANCIAL CORP
6231,LIBYU,2023-04-14,LIBERTY RESOURCES ACQUISITIO
2245,COIN,2023-04-14,COINBASE GLOBAL INC -CLASS A
10764,VERI,2023-04-14,VERITONE INC
11102,WFC-D,2023-04-14,
4282,GDEV,2023-04-14,NEXTERS INC
6353,LSDI,2023-04-14,LUCY SCIENTIFIC DISCOVERY IN
11208,WRN,2023-04-14,WESTERN COPPER AND GOLD CORP
946,AWX,2023-04-14,AVALON HOLDINGS CORP-A
5726,JFR,2023-04-14,NUVEEN FLOAT RATE INC FD
2915,DSEP,2023-04-14,FT CBOE VEST US DEEP BUF SEP
10770,VERY,2023-04-14,VERICITY INC
4822,HEWU,2023-04-14,ISHARES CURR HEDGED MSCI UK
2323,CPUH=,2023-04-14,COMPUTE HEALTH ACQUISITION C
2412,CSTA=,2023-04-14,CONSTELLATION ACQUISITION CO
2590,DB,2023-04-14,DEUTSCHE BANK AG-REGISTERED
7880,PCRX,2023-04-14,PACIRA BIOSCIENCES INC
2328,CRAI,2023-04-14,CRA INTERNATIONAL INC
3079,ECOZ,2023-04-14,TRUESHARES ESG ACTIVE OPPORT
6982,MUST,2023-04-14,COLUMBIA MULTI-SECTOR MUNICI
3446,ETNB,2023-04-14,89BIO INC
10066,TENB,2023-04-14,TENABLE HOLDINGS INC
5789,JOE,2023-04-14,ST JOE CO/THE
2385,CSB,2023-04-14,VICTORYSHARES US SMALL CAP H
6514,MCAAU,2023-04-14,MOUNTAIN & CO I ACQUISITION
7831,PBDM,2023-04-14,INVESCO PUREBETA FTSE DEVELO
816,ATHE,2023-04-14,ALTERITY THERAPEUTICS-ADR
1381,BMRC,2023-04-14,BANK OF MARIN BANCORP/CA
5954,KINS,2023-04-14,KINGSTONE COS INC
8201,PPHPR,2023-04-14,PHP VENTURES ACQUISITION-RTS
509,AMRX,2023-04-14,AMNEAL PHARMACEUTICALS INC
2418,CSWC,2023-04-14,CAPITAL SOUTHWEST CORP
4030,FREEW,2023-04-14,
4174,FXC,2023-04-14,INVESCO CURRENCYSHARES CANAD
2639,DDD,2023-04-14,3D SYSTEMS CORP
10425,TWO,2023-04-14,TWO HARBORS INVESTMENT CORP
10375,TSRI,2023-04-14,TSR INC
6362,LSXMA,2023-04-14,LIBERTY MEDIA COR-SIRIUSXM A
1162,BFRG,2023-04-14,BULLFROG AI HOLDINGS INC
9705,SQLV,2023-04-14,ROYCE QUANT SMALL-CAP QUALIT
2781,DIVD,2023-04-14,Altrius Global Dividend ETF
3977,FONR,2023-04-14,FONAR CORP
11233,WTMAR,2023-04-14,WELSBACH TECH METALS ACQ -RT
11414,XXII,2023-04-14,22ND CENTURY GROUP INC
4424,GLAD,2023-04-14,GLADSTONE CAPITAL CORP
7586,OLITU,2023-04-14,OMNILIT ACQUISITION CORP
7478,NYF,2023-04-14,ISHARES NEW YORK MUNI BOND E
1713,CADE-A,2023-04-14,
2399,CSLMW,2023-04-14,
6799,MOBQ,2023-04-14,MOBIQUITY TECHNOLOGIES INC
11266,XBAP,2023-04-14,INNOVATOR US EQY ACCEL 9 BUF
4512,GNLX,2023-04-14,GENELUX CORP
6781,MNPR,2023-04-14,MONOPAR THERAPEUTICS INC
10438,TXT,2023-04-14,TEXTRON INC
5381,INAQ,2023-04-14,INSIGHT ACQUISITION CORP-A
7327,NSTB,2023-04-14,NORTHERN STAR INVESTMENT C-A
3624,FBCV,2023-04-14,FIDELITY BLUE CHIP VALUE ETF
11459,YSEP,2023-04-14,FT CBOE VEST INTERNATIONAL E
7579,OIS,2023-04-14,OIL STATES INTERNATIONAL INC
6439,MACAW,2023-04-14,
8384,PTLC,2023-04-14,PACER TRENDPILOT US LARGE CA
6719,MKSI,2023-04-14,MKS INSTRUMENTS INC
5429,INSG,2023-04-14,INSEEGO CORP
11290,XDQQ,2023-04-14,INNOVATOR GRW 100 ACCEL QTR
2138,CMCL,2023-04-14,CALEDONIA MINING CORP PLC
8909,RPM,2023-04-14,RPM INTERNATIONAL INC
6924,MT,2023-04-14,ARCELORMITTAL-NY REGISTERED
2502,CVS,2023-04-14,CVS HEALTH CORP
6060,KTF,2023-04-14,DWS MUNICIPAL INCOME TRUST
4835,HGER,2023-04-14,HARBOR COMMODITY ALL WEATHER
11513,ZLAB,2023-04-14,ZAI LAB LTD-ADR
7005,MYD,2023-04-14,BLACKROCK MUNIYIELD FUND
5801,JPM-C,2023-04-14,
5914,KDRN,2023-04-14,KINGSBARN TACTICAL BOND ETF
6648,MGNX,2023-04-14,MACROGENICS INC
6431,M,2023-04-14,MACY'S INC
5325,IJS,2023-04-14,ISHARES S&P SMALL-CAP 600 VA
10478,UCC,2023-04-14,PROSHARES ULTRA CONSUMER DIS
1466,BPYPO,2023-04-14,
7791,PALI,2023-04-14,PALISADE BIO INC
3373,ERET,2023-04-14,ISHARES ENV AWARE RE ESTATE
6423,LYG,2023-04-14,LLOYDS BANKING GROUP PLC-ADR
1643,BWACW,2023-04-14,
4730,HAIN,2023-04-14,HAIN CELESTIAL GROUP INC
1311,BLACU,2023-04-14,BELLEVUE LIFE SCIENCES ACQUI
5436,INTA,2023-04-14,INTAPP INC
5270,IGE,2023-04-14,ISHARES NORTH AMERICAN NATUR
8796,RIV-A,2023-04-14,
